<metadata xml:lang="en"><Esri><CreaDate>20120220</CreaDate><CreaTime>19243200</CreaTime><SyncOnce>FALSE</SyncOnce><SyncDate>20201026</SyncDate><SyncTime>11185100</SyncTime><ModDate>20201026</ModDate><ModTime>11185100</ModTime><DataProperties><lineage><Process Name="Identity_1" ToolSource="C:\ESRI\ArcGIS\ArcToolbox\Toolboxes\Analysis Tools.tbx\Identity" Date="20041103" Time="114506">Identity "Database Connections\arlgis.sde\arlgis.ARLGIS.p_Pave\arlgis.ARLGIS.p_Road_poly" "Database Connections\arlgis.sde\arlgis.ARLGIS.Index_Map\arlgis.ARLGIS.Section_poly" "Database Connections\arlgis.sde\arlgis.ARLGIS.p_Pave\arlgis.ARLGIS.p_Road_Poly_split" ALL # NO_RELATIONSHIPS</Process><Process Name="Clip_15" ToolSource="D:\Program Files\ArcGIS\ArcToolbox\Toolboxes\Analysis Tools.tbx\Clip" Date="20051105" Time="190256">Clip Road_Poly_split bndy53 D:\shared\J910\Pilot\Arlgis.mdb\p_Pave\Road_Poly_split1 "0.000100 Unknown"</Process><Process Name="DeleteFeatures_7" ToolSource="C:\Program Files\ArcGIS\ArcToolbox\Toolboxes\Data Management Tools.tbx\DeleteFeatures" Date="20091124" Time="100608">DeleteFeatures "C:\Projects\ARLINGTON\BLOCK1\Copy of ArlingtonData_update_PILOT.mdb\Pave\Road_Poly_split" "C:\Projects\ARLINGTON\BLOCK1\Copy of ArlingtonData_update_PILOT.mdb\Pave\Road_Poly_split"</Process><Process Name="DeleteFeatures_11" ToolSource="C:\Program Files\ArcGIS\ArcToolbox\Toolboxes\Data Management Tools.tbx\DeleteFeatures" Date="20100415" Time="144123">DeleteFeatures T:\D_drivebackup\P0908301_Arlington_County_VA\MDBs_to_remerge\A2_ArlingtonData.mdb\Pave\Road_Poly_split T:\D_drivebackup\P0908301_Arlington_County_VA\MDBs_to_remerge\A2_ArlingtonData.mdb\Pave\Road_Poly_split</Process><Process Name="Truncate Table" ToolSource="c:\esri\desktop10.2\ArcToolbox\Toolboxes\Data Management Tools.tbx\TruncateTable" Date="20140623" Time="071342">TruncateTable "Database Connections\eoc@arlgis@arlgis.sde\arlgis.ARLGIS.Pave\arlgis.ARLGIS.Road_Poly_split"</Process><Process Name="Append" ToolSource="c:\esri\desktop10.2\ArcToolbox\Toolboxes\Data Management Tools.tbx\Append" Date="20140623" Time="071437">Append C:\A_Work\Export\Planimetric2013\Planimetrics2013.mdb\Pave\Road_Poly_split "Database Connections\eoc@arlgis@arlgis.sde\arlgis.ARLGIS.Pave\arlgis.ARLGIS.Road_Poly_split" NO_TEST "FID_P_ROAD_POLY "FID_P_ROAD_POLY" true true false 4 Long 0 10 ,First,#,C:\A_Work\Export\Planimetric2013\Planimetrics2013.mdb\Pave\Road_Poly_split,FID_P_ROAD_POLY,-1,-1;HIDDEN "Hidden" true true false 2 Short 0 5 ,First,#,C:\A_Work\Export\Planimetric2013\Planimetrics2013.mdb\Pave\Road_Poly_split,HIDDEN,-1,-1;FID_SECTION_POLY "FID_SECTION_POLY" true true false 4 Long 0 10 ,First,#,C:\A_Work\Export\Planimetric2013\Planimetrics2013.mdb\Pave\Road_Poly_split,FID_SECTION_POLY,-1,-1;SECTIONS "SECTIONS" true true false 2 Short 0 5 ,First,#,C:\A_Work\Export\Planimetric2013\Planimetrics2013.mdb\Pave\Road_Poly_split,SECTIONS,-1,-1;SNOW_OWNER "SNOW_OWNER" true true false 5 Text 0 0 ,First,#,C:\A_Work\Export\Planimetric2013\Planimetrics2013.mdb\Pave\Road_Poly_split,SNOW_OWNER,-1,-1;SNOW_PRIORITY "SNOW_PRIORITY" true true false 2 Short 0 5 ,First,#,C:\A_Work\Export\Planimetric2013\Planimetrics2013.mdb\Pave\Road_Poly_split,SNOW_PRIORITY,-1,-1;SHAPE.area "SHAPE.area" false false true 0 Double 0 0 ,First,#;SHAPE.len "SHAPE.len" false false true 0 Double 0 0 ,First,#" #</Process><Process ToolSource="c:\esri\desktop10.2\ArcToolbox\Toolboxes\Analysis Tools.tbx\Identity" Date="20150210" Time="130149">Identity arlgis.ARLGIS.Road_Poly_split "Map Sheets" "C:\A_Work\New Personal Geodatabase (6).mdb\Road_Poly_bySheet" ALL # NO_RELATIONSHIPS</Process><Process ToolSource="c:\esri\desktop10.2\ArcToolbox\Toolboxes\Conversion Tools.tbx\FeatureClassToFeatureClass" Date="20150210" Time="130940">FeatureClassToFeatureClass "C:\A_Work\New Personal Geodatabase (6).mdb\Road_Poly_bySheet" "Database Connections\eoc@arlgis@arlgis.sde\arlgis.ARLGIS.Pave" Road_Poly_bySheet # "HIDDEN "Hidden" true true false 2 Short 0 0 ,First,#,C:\A_Work\New Personal Geodatabase (6).mdb\Road_Poly_bySheet,HIDDEN,-1,-1;SHAPE_Length "SHAPE_Length" false true true 8 Double 0 0 ,First,#,C:\A_Work\New Personal Geodatabase (6).mdb\Road_Poly_bySheet,SHAPE_Length,-1,-1;SHAPE_Area "SHAPE_Area" false true true 8 Double 0 0 ,First,#,C:\A_Work\New Personal Geodatabase (6).mdb\Road_Poly_bySheet,SHAPE_Area,-1,-1" #</Process></lineage><itemProps><itemLocation><linkage Sync="TRUE">file://\\DPRX-D7ZP6S2-NB\C$\Temp\Road_Poly_bySheet.shp</linkage><protocol Sync="TRUE">Local Area Network</protocol></itemLocation><itemName Sync="TRUE">Road_Poly_bySheet</itemName><imsContentType Sync="TRUE">002</imsContentType><itemSize Sync="TRUE">0.000</itemSize></itemProps><coordRef><type Sync="TRUE">Projected</type><geogcsn Sync="TRUE">GCS_North_American_1983</geogcsn><csUnits Sync="TRUE">Linear Unit: Foot_US (0.304801)</csUnits><projcsn Sync="TRUE">NAD_1983_StatePlane_Virginia_North_FIPS_4501_Feet</projcsn><peXml Sync="TRUE">&lt;ProjectedCoordinateSystem xsi:type='typens:ProjectedCoordinateSystem' xmlns:xsi='http://www.w3.org/2001/XMLSchema-instance' xmlns:xs='http://www.w3.org/2001/XMLSchema' xmlns:typens='http://www.esri.com/schemas/ArcGIS/10.5'&gt;&lt;WKT&gt;PROJCS[&amp;quot;NAD_1983_StatePlane_Virginia_North_FIPS_4501_Feet&amp;quot;,GEOGCS[&amp;quot;GCS_North_American_1983&amp;quot;,DATUM[&amp;quot;D_North_American_1983&amp;quot;,SPHEROID[&amp;quot;GRS_1980&amp;quot;,6378137.0,298.257222101]],PRIMEM[&amp;quot;Greenwich&amp;quot;,0.0],UNIT[&amp;quot;Degree&amp;quot;,0.0174532925199433]],PROJECTION[&amp;quot;Lambert_Conformal_Conic&amp;quot;],PARAMETER[&amp;quot;False_Easting&amp;quot;,11482916.66666666],PARAMETER[&amp;quot;False_Northing&amp;quot;,6561666.666666666],PARAMETER[&amp;quot;Central_Meridian&amp;quot;,-78.5],PARAMETER[&amp;quot;Standard_Parallel_1&amp;quot;,38.03333333333333],PARAMETER[&amp;quot;Standard_Parallel_2&amp;quot;,39.2],PARAMETER[&amp;quot;Latitude_Of_Origin&amp;quot;,37.66666666666666],UNIT[&amp;quot;Foot_US&amp;quot;,0.3048006096012192],AUTHORITY[&amp;quot;EPSG&amp;quot;,2283]]&lt;/WKT&gt;&lt;XOrigin&gt;-110512500&lt;/XOrigin&gt;&lt;YOrigin&gt;-88858000&lt;/YOrigin&gt;&lt;XYScale&gt;36916142.964165002&lt;/XYScale&gt;&lt;ZOrigin&gt;-100000&lt;/ZOrigin&gt;&lt;ZScale&gt;10000&lt;/ZScale&gt;&lt;MOrigin&gt;-100000&lt;/MOrigin&gt;&lt;MScale&gt;10000&lt;/MScale&gt;&lt;XYTolerance&gt;0.0032808333333333331&lt;/XYTolerance&gt;&lt;ZTolerance&gt;0.001&lt;/ZTolerance&gt;&lt;MTolerance&gt;0.001&lt;/MTolerance&gt;&lt;HighPrecision&gt;true&lt;/HighPrecision&gt;&lt;WKID&gt;102746&lt;/WKID&gt;&lt;LatestWKID&gt;2283&lt;/LatestWKID&gt;&lt;/ProjectedCoordinateSystem&gt;</peXml></coordRef></DataProperties><ArcGISFormat>1.0</ArcGISFormat></Esri><idinfo><native Sync="TRUE">Microsoft Windows XP Version 5.1 (Build 2600) Service Pack 3; ESRI ArcCatalog 9.3.1.3000</native><descript><langdata Sync="TRUE">en</langdata><abstract>REQUIRED: A brief narrative summary of the data set.</abstract><purpose>Road polygon for Arlington county.  Split based on our Index Map .  When displaying the information DO NOT USE OUTLINE.  (See Comments below.)</purpose></descript><citation><citeinfo><origin>REQUIRED: The name of an organization or individual that developed the data set.</origin><pubdate>REQUIRED: The date when the data set is published or otherwise made available for release.</pubdate><title>Road_Poly_split</title><ftname Sync="TRUE">arlgis.ARLGIS.Road_Poly_split</ftname><geoform Sync="TRUE">vector digital data</geoform><onlink Sync="TRUE">Service=sde:sqlserver:maui; Database=arlgis; User=arlgis; Version=sde.DEFAULT</onlink></citeinfo></citation><timeperd><current>REQUIRED: The basis on which the time period of content information is determined.</current><timeinfo><sngdate><caldate>5/24/2010</caldate></sngdate></timeinfo></timeperd><status><progress>REQUIRED: The state of the data set.</progress><update>Once every 2 years</update></status><spdom><bounding><westbc Sync="TRUE">-77.174587</westbc><eastbc Sync="TRUE">-77.038563</eastbc><northbc Sync="TRUE">38.934164</northbc><southbc Sync="TRUE">38.825909</southbc></bounding><lboundng><leftbc Sync="TRUE">11860491.000000</leftbc><rightbc Sync="TRUE">11898628.140000</rightbc><bottombc Sync="TRUE">6987133.470000</bottombc><topbc Sync="TRUE">7025985.570000</topbc></lboundng><minalti Sync="TRUE">260.449531</minalti><maxalti Sync="TRUE">261.888438</maxalti></spdom><keywords><theme><themekt>REQUIRED: Reference to a formally registered thesaurus or a similar authoritative source of theme keywords.</themekt><themekey>REQUIRED: Common-use word or phrase used to describe the subject of the data set.</themekey></theme></keywords><accconst>REQUIRED: Restrictions and legal prerequisites for accessing the data set.</accconst><useconst>various</useconst><natvform Sync="TRUE">SDE Feature Class</natvform><ptcontac><cntinfo><cntperp><cntper>Bill Grether</cntper><cntorg>GIS Mapping Center Bureau</cntorg></cntperp><cntpos>Cartographer II</cntpos><cntaddr><address>2100 Clarendon Blvd Ste 813</address><city>Arlington</city><state>VA</state><postal>22201</postal></cntaddr><cntemail>gismc@arlingtonva.us</cntemail></cntinfo></ptcontac><browse><browsen>http://meridian.arlingtonva.local/metadata/MD_images/pave_road_split_poly.jpg</browsen><browsed>Pave Road Split Poly</browsed></browse></idinfo><dataIdInfo><envirDesc Sync="TRUE"> Version 6.2 (Build 9200) ; Esri ArcGIS 10.5.1.7333</envirDesc><dataLang><languageCode Sync="TRUE" value="eng"/><countryCode value="USA" Sync="TRUE"/></dataLang><idCitation><resTitle Sync="TRUE">Road_Poly_bySheet</resTitle><presForm><PresFormCd Sync="TRUE" value="005"/></presForm></idCitation><spatRpType><SpatRepTypCd Sync="TRUE" value="001"/></spatRpType><dataExt><geoEle><GeoBndBox esriExtentType="native"><westBL Sync="TRUE">11860491</westBL><eastBL Sync="TRUE">11898628.14</eastBL><northBL Sync="TRUE">7025985.57</northBL><southBL Sync="TRUE">6987133.47</southBL><exTypeCode Sync="TRUE">1</exTypeCode></GeoBndBox></geoEle><vertEle><vertMinVal Sync="TRUE">260.449531</vertMinVal><vertMaxVal Sync="TRUE">261.888438</vertMaxVal></vertEle></dataExt><geoBox esriExtentType="decdegrees"><westBL Sync="TRUE">-77.174587</westBL><eastBL Sync="TRUE">-77.038563</eastBL><northBL Sync="TRUE">38.934164</northBL><southBL Sync="TRUE">38.825909</southBL><exTypeCode Sync="TRUE">1</exTypeCode></geoBox></dataIdInfo><metainfo><langmeta Sync="TRUE">en</langmeta><metstdn Sync="TRUE">FGDC Content Standards for Digital Geospatial Metadata</metstdn><metstdv Sync="TRUE">FGDC-STD-001-1998</metstdv><mettc Sync="TRUE">local time</mettc><metc><cntinfo><cntorgp><cntper>REQUIRED: The person responsible for the metadata information.</cntper><cntorg>REQUIRED: The organization responsible for the metadata information.</cntorg></cntorgp><cntaddr><addrtype>REQUIRED: The mailing and/or physical address for the organization or individual.</addrtype><city>REQUIRED: The city of the address.</city><state>REQUIRED: The state or province of the address.</state><postal>REQUIRED: The ZIP or other postal code of the address.</postal></cntaddr><cntvoice>REQUIRED: The telephone number by which individuals can speak to the organization or individual.</cntvoice></cntinfo></metc><metd Sync="TRUE">20100708</metd></metainfo><mdLang><languageCode Sync="TRUE" value="eng"/><countryCode value="USA" Sync="TRUE"/></mdLang><mdStanName Sync="TRUE">ISO 19115 Geographic Information - Metadata</mdStanName><mdStanVer Sync="TRUE">DIS_ESRI1.0</mdStanVer><mdChar><CharSetCd Sync="TRUE" value="004"/></mdChar><mdHrLv><ScopeCd Sync="TRUE" value="005"/></mdHrLv><mdHrLvName Sync="TRUE">dataset</mdHrLvName><distinfo><resdesc Sync="TRUE">Downloadable Data</resdesc></distinfo><distInfo><distributor><distorTran><onLineSrc><orDesc Sync="TRUE">002</orDesc><linkage Sync="TRUE">file://Service=sde:sqlserver:maui; Database=arlgis; User=arlgis; Version=sde.DEFAULT</linkage><protocol Sync="TRUE">Local Area Network</protocol></onLineSrc></distorTran><distorFormat><formatName Sync="TRUE">SDE Feature Class</formatName></distorFormat></distributor><distFormat><formatName Sync="TRUE">Shapefile</formatName></distFormat><distTranOps><transSize Sync="TRUE">0.000</transSize></distTranOps></distInfo><spdoinfo><direct Sync="TRUE">Vector</direct><ptvctinf><esriterm Name="Road_Poly_bySheet"><efeatyp Sync="TRUE">Simple</efeatyp><efeageom code="4" Sync="TRUE"></efeageom><esritopo Sync="TRUE">FALSE</esritopo><efeacnt Sync="TRUE">0</efeacnt><spindex Sync="TRUE">FALSE</spindex><linrefer Sync="TRUE">TRUE</linrefer></esriterm></ptvctinf></spdoinfo><spref><horizsys><cordsysn><geogcsn Sync="TRUE">GCS_North_American_1983</geogcsn><projcsn>NAD_1983_StatePlane_Virginia_North_FIPS_4501_Feet</projcsn></cordsysn><planar><planci><plance Sync="TRUE">coordinate pair</plance><plandu Sync="TRUE">survey feet</plandu><coordrep><absres Sync="TRUE">0.000625</absres><ordres Sync="TRUE">0.000625</ordres></coordrep></planci></planar><geodetic><horizdn Sync="TRUE">North American Datum of 1983</horizdn><ellips Sync="TRUE">Geodetic Reference System 80</ellips><semiaxis Sync="TRUE">6378137.000000</semiaxis><denflat Sync="TRUE">298.257222</denflat></geodetic></horizsys><vertdef><altsys><altenc Sync="TRUE">Explicit elevation coordinate included with horizontal coordinates</altenc><altres Sync="TRUE">0.000156</altres></altsys></vertdef></spref><refSysInfo><RefSystem><refSysID><identCode Sync="TRUE" code="2283">NAD_1983_StatePlane_Virginia_North_FIPS_4501_Feet</identCode><idCodeSpace Sync="TRUE">EPSG</idCodeSpace><idVersion Sync="TRUE">5.3(9.0.0)</idVersion></refSysID></RefSystem></refSysInfo><spatRepInfo><VectSpatRep><geometObjs Name="Road_Poly_bySheet"><geoObjTyp><GeoObjTypCd value="002" Sync="TRUE"></GeoObjTypCd></geoObjTyp><geoObjCnt Sync="TRUE">0</geoObjCnt></geometObjs><topLvl><TopoLevCd value="001" Sync="TRUE"></TopoLevCd></topLvl></VectSpatRep></spatRepInfo><eainfo><detailed Name="Road_Poly_bySheet"><enttyp><enttypl Sync="TRUE">Road_Poly_bySheet</enttypl><enttypt Sync="TRUE">Feature Class</enttypt><enttypc Sync="TRUE">0</enttypc></enttyp><attr><attrlabl Sync="TRUE">FID</attrlabl><attalias Sync="TRUE">FID</attalias><attrtype Sync="TRUE">OID</attrtype><attwidth Sync="TRUE">4</attwidth><atprecis Sync="TRUE">0</atprecis><attscale Sync="TRUE">0</attscale><attrdef Sync="TRUE">Internal feature number.</attrdef><attrdefs Sync="TRUE">Esri</attrdefs><attrdomv><udom Sync="TRUE">Sequential unique whole numbers that are automatically generated.</udom></attrdomv></attr><attr><attrlabl>HIDDEN</attrlabl><attalias Sync="TRUE">HIDDEN</attalias><attrtype Sync="TRUE">Integer</attrtype><attwidth Sync="TRUE">5</attwidth><atprecis Sync="TRUE">5</atprecis><attscale Sync="TRUE">0</attscale><attrdef>n/a</attrdef></attr><attr><attrlabl>SHAPE</attrlabl><attalias Sync="TRUE">Shape</attalias><attrtype Sync="TRUE">Geometry</attrtype><attwidth Sync="TRUE">0</attwidth><atprecis Sync="TRUE">0</atprecis><attscale Sync="TRUE">0</attscale><attrdef>Feature geometry.</attrdef><attrdefs Sync="TRUE">ESRI</attrdefs><attrdomv><udom Sync="TRUE">Coordinates defining the features.</udom></attrdomv></attr><attr><attrlabl Sync="TRUE">Shape_STAr</attrlabl><attalias Sync="TRUE">Shape_STAr</attalias><attrtype Sync="TRUE">Double</attrtype><attwidth Sync="TRUE">19</attwidth><atprecis Sync="TRUE">0</atprecis><attscale Sync="TRUE">0</attscale></attr><attr><attrlabl Sync="TRUE">Shape_STLe</attrlabl><attalias Sync="TRUE">Shape_STLe</attalias><attrtype Sync="TRUE">Double</attrtype><attwidth Sync="TRUE">19</attwidth><atprecis Sync="TRUE">0</atprecis><attscale Sync="TRUE">0</attscale></attr></detailed></eainfo><mdDateSt Sync="TRUE">20201026</mdDateSt><dataqual><lineage><procstep><procdesc Sync="TRUE">Dataset copied.</procdesc><srcused Sync="TRUE">Server=madison; Service=5151; Database=arlgis; User=arlgis; Version=sde.DEFAULT</srcused><date Sync="TRUE">20041122</date><time Sync="TRUE">12325300</time></procstep><procstep><procdesc Sync="TRUE">Dataset copied.</procdesc><srcused Sync="TRUE">\\Meridian\GIS_MC\Projects\Jameys_transfer_station\pinnacle\p.pave_copy.mdb</srcused><date Sync="TRUE">20050119</date><time Sync="TRUE">08441100</time></procstep><procstep><procdesc Sync="TRUE">Dataset copied.</procdesc><srcused Sync="TRUE">Server=madison; Service=5151; Database=arlgis; User=arlgis; Version=sde.DEFAULT</srcused><date Sync="TRUE">20050430</date><time Sync="TRUE">11171000</time></procstep><procstep><procdesc Sync="TRUE">Dataset copied.</procdesc><srcused Sync="TRUE">\\madison\E_DATA\SDE_DATA\Arlgis_a.mdb</srcused><date Sync="TRUE">20050430</date><time Sync="TRUE">13073700</time></procstep><procstep><procdesc Sync="TRUE">Dataset copied.</procdesc><srcused Sync="TRUE">Server=madison; Service=5151; Database=arlgis; User=arlgis; Version=sde.DEFAULT</srcused><date Sync="TRUE">20050912</date><time Sync="TRUE">08124000</time></procstep><procstep><procdesc Sync="TRUE">Dataset copied.</procdesc><srcused Sync="TRUE">\\IIC151\D\shared\J910\FINAL\J910_Pilot.mdb</srcused><date Sync="TRUE">20060108</date><time Sync="TRUE">18314300</time></procstep><procstep><procdesc Sync="TRUE">Dataset copied.</procdesc><srcused Sync="TRUE">\\Meridian\GIS_MC\Projects\Pinnacle_05\Final_delivery3_06\Arlington.mdb</srcused><date Sync="TRUE">20060424</date><time Sync="TRUE">11020100</time></procstep><procstep><procdesc Sync="TRUE">Dataset copied.</procdesc><srcused Sync="TRUE">\\GIS_PITT\C$\A_Work\p_pave_2005.mdb</srcused><date Sync="TRUE">20060424</date><time Sync="TRUE">11185500</time></procstep><procstep><procdesc Sync="TRUE">Dataset copied.</procdesc><srcused Sync="TRUE">Server=madison; Service=5151; Database=arlgis; User=arlgis; Version=sde.DEFAULT</srcused><date Sync="TRUE">20060811</date><time Sync="TRUE">08512200</time></procstep><procstep><procdesc Sync="TRUE">Dataset copied.</procdesc><srcused Sync="TRUE">\\madison\E_DATA\SDE_Data_Export_Backup\Arlgis2.mdb</srcused><date Sync="TRUE">20060822</date><time Sync="TRUE">10363400</time></procstep><procstep><procdesc Sync="TRUE">Dataset copied.</procdesc><srcused Sync="TRUE">Server=madison; Service=5151; Database=arlgis; User=arlgis; Version=sde.DEFAULT</srcused><date Sync="TRUE">20070119</date><time Sync="TRUE">08400400</time></procstep><srcinfo><srccite><citeinfo><origin>All 2009 planimetric features were captured from 2009 Orthophotography.</origin><geoform/></citeinfo></srccite><srcscale/></srcinfo><procstep><procdesc Sync="TRUE">Dataset copied.</procdesc><srcused Sync="TRUE">Service=sde:sqlserver:maui; Database=arlgis; User=arlgis; Version=sde.DEFAULT</srcused><date Sync="TRUE">20080124</date><time Sync="TRUE">08410400</time></procstep><procstep><procdesc Sync="TRUE">Metadata imported.</procdesc><srcused Sync="TRUE">C:\A_Work\Metadata\Road_Poly_split.xml</srcused><date Sync="TRUE">20080303</date><time Sync="TRUE">12332800</time></procstep><procstep><procdesc Sync="TRUE">Dataset copied.</procdesc><srcused Sync="TRUE">Server=Maui; Service=5151; Database=arlgis; User=arlgis; Version=sde.DEFAULT</srcused><procdate Sync="TRUE">20090812</procdate><proctime Sync="TRUE">13353100</proctime></procstep><procstep><procdesc Sync="TRUE">Dataset copied.</procdesc><srcused Sync="TRUE">\\meridian\GIS_MC\Projects\Planimetric_Update_09\final_delivery\HopefullyLastDelivery\Updated_ArlingtonData_Delivered050710.mdb</srcused><procdate Sync="TRUE">20100511</procdate><proctime Sync="TRUE">08402100</proctime></procstep><procstep><procdesc Sync="TRUE">Dataset copied.</procdesc><srcused Sync="TRUE">Server=maui; Service=sde:sqlserver:maui; Database=arl2data2; User=arlgis; Version=sde.DEFAULT</srcused><procdate Sync="TRUE">20100515</procdate><proctime Sync="TRUE">11400200</proctime></procstep></lineage><posacc><horizpa><qhorizpa><horizpav>Plus or Minus 2 feet</horizpav></qhorizpa><horizpar/></horizpa></posacc></dataqual><arlington><comments>Use this layer for polygons of paved road areas, but TURN OFF OUTLINE.  For road edge lines, use Pave_arcs and define to RoadFlag = 1</comments></arlington></metadata>
