"geo_id","area","Alcova Heights","Arlington - East Falls Church","Arlington Forest","Arlington Heights","Arlington Mill","Arlington Ridge","Arlington View","Arlingwood","Ashton Heights","Aurora Highlands","Ballston - Virginia Square","Barcroft","Bellevue Forest","Bluemont","Boulevard Manor","Buckingham","Chain Bridge Forest","Cherry Valley Nature Area","Cherrydale","Claremont","Clarendon - Courthouse","Colonial Village","Columbia Forest","Columbia Heights","Country Club Hills","Crystal City","Dominion Hills","Donaldson Run","Douglas Park","Dover Crystal","Fairlington","Forest Glen","Foxcroft Heights","Glebewood","Glencarlyn","Green Valley","Gulf Branch","Highland Park - Overlee Knolls","John M Langston","Leeway Overlee","Long Branch Creek","Lyon Park","Lyon Village","Madison Manor","Maywood","North Highlands","North Rosslyn","Old Dominion","Old Glebe","Penrose","Radnor/Ft.Myer Heights","Rivercrest","Riverwood","Rock Spring","Shirlington","Stafford-Albemarle-Glebe","Tara - Leeway Heights","Waverly Hills","Waycroft - Woodlawn","Westover Village","Williamsburg","Woodmont","Yorktown"
"510131001001",705943.629845365,0,705459.300765897,0,0,0,0,0,0,0,0,0,0,0,0,0,0,0,0,0,0,0,0,0,0,0,0,0,0,0,0,0,0,0,0,0,0,0,0,0,0,0,0,0,0,0,0,0,0,0,0,0,0,0,0,0,0,0,0,0,0,484.324760411168,0,0
"510131001002",372139.390989237,0,592.565806124141,0,0,0,0,0,0,0,0,0,0,0,0,0,0,0,0,0,0,0,0,0,0,0,0,0,0,0,0,0,0,0,0,0,0,0,0,0,0,0,0,0,0,0,0,0,0,0,0,0,0,0,0,0,0,0,0,0,0,371546.829811284,0,0
"510131001003",490633.399261553,0,721.136921106842,0,0,0,0,0,0,0,0,0,0,0,0,0,0,0,0,0,0,0,0,0,0,0,0,0,0,0,0,0,0,0,0,0,0,0,0,0,123054.125621866,0,0,0,0,0,0,0,0,0,0,0,0,0,0,0,0,0,0,0,0,366766.560898026,0,91.5788870367687
"510131001004",624788.043570792,0,624193.665236987,0,0,0,0,0,0,0,0,0,0,0,0,0,0,0,0,0,0,0,0,0,0,0,0,0,0,0,0,0,0,0,0,0,0,0,0,0,446.559107440818,0,0,0,0,0,0,0,0,0,0,0,0,0,0,0,0,0,0,0,0,147.822307142109,0,0
"510131002001",529025.485832373,0,0,0,0,0,0,0,0,0,0,0,0,0,0,0,0,0,0,0,0,0,0,0,0,0,0,0,0,0,0,0,0,0,0,0,0,0,0,0,0,0,0,0,0,0,0,0,0,0,0,0,0,0,341.170013360825,0,0,0,0,0,0,528684.31245868,0,0
"510131002002",1054557.49736681,0,0,0,0,0,0,0,0,0,0,0,0,0,0,0,0,0,0,0,0,0,0,0,0,0,0,0,0,0,0,0,0,0,0,0,0,0,0,0,0,0,0,0,0,0,0,0,0,0,0,0,0,0,975224.753738247,0,0,0,0,0,0,393.535249267588,0,78939.2129126044
"510131002003",397808.473644519,0,0,0,0,0,0,0,0,0,0,0,0,0,0,0,0,0,0,0,0,0,0,0,0,0,0,0,0,0,0,0,0,0,0,0,0,0,0,0,0,0,0,0,0,0,0,0,0,0,0,0,0,0,2609.83587610719,0,0,0,0,0,0,0,0,395198.637494428
"510131002004",403991.237556822,0,0,0,0,0,0,0,0,0,0,0,0,0,0,0,0,0,0,0,0,0,0,0,0,0,0,0,0,0,0,0,0,0,0,0,0,0,0,27.6621886470466,0,0,0,0,0,0,0,0,79727.3826206655,0,0,0,0,0,0,0,0,0,0,0,0,0,0,324194.771710786
"510131002005",277803.800177702,0,0,0,0,0,0,0,0,0,0,0,0,0,0,0,0,0,0,0,0,0,0,0,0,0,0,0,0,0,0,0,0,0,0,0,0,0,0,0,51.7059001871385,0,0,0,0,0,0,0,0,0,0,0,0,0,0,0,0,0,0,0,0,0,0,277752.087274628
"510131002006",541665.544270507,0,0,0,0,0,0,0,0,0,0,0,0,0,0,0,0,0,0,0,0,0,0,0,0,0,0,0,0,0,0,0,0,0,0,0,0,0,0,0,97234.055701335,0,0,0,0,0,0,0,0,0,0,0,0,0,88.7133758796263,0,0,0,0,0,0,93029.4341522873,0,351313.354184545
"510131003001",1182019.02869162,0,0,0,0,0,0,0,456911.616788683,0,0,0,0,0,0,0,0,212573.910713808,0,0,0,0,0,0,0,0,0,0,0,0,0,0,0,0,0,0,0,0,0,0,0,0,0,0,0,0,0,0,0,112865.316485382,0,0,0,0,286.833514370024,0,380426.275600936,0,0,0,0,0,0,0
"510131003002",1001002.96301377,0,0,0,0,0,0,0,0,0,0,0,0,279.177143009729,0,0,0,0,0,0,0,0,0,0,0,155367.821816782,0,0,0,0,0,0,0,0,0,0,0,90808.8769041634,0,0,0,0,0,0,0,0,0,0,0,753467.222535354,0,0,601.754297506879,0,93.5305019954685,0,341.169636449311,0,0,0,0,0,0,0
"510131003003",709354.761430335,0,0,0,0,0,0,0,0,0,0,0,0,0,0,0,0,0,0,0,0,0,0,0,0,1534.92202886265,0,0,0,0,0,0,0,0,0,0,0,0,0,0,0,0,0,0,0,0,0,0,0,138.246481289214,0,0,0,0,706071.547370694,0,90.7998924554558,0,0,0,0,0,0,252.34087842796
"510131003004",430662.631460648,0,0,0,0,0,0,0,0,0,0,0,0,0,0,0,0,0,0,0,0,0,0,0,0,419652.492756875,0,0,0,0,0,0,0,0,0,0,0,10995.9908126674,0,0,0,0,0,0,0,0,0,0,0,0,0,0,0,0,14.1436953060329,0,0,0,0,0,0,0,0,0
"510131003005",1130455.34694172,0,0,0,0,0,0,0,0,0,0,0,0,562.705466865096,0,0,0,0,0,0,0,0,0,0,0,49146.9099024897,0,0,343150.504353776,0,0,0,0,0,0,0,0,144412.977856603,0,0,0,0,0,0,0,0,0,0,0,0,0,0,0,0,172.45768634975,0,0,0,0,0,0,0,0,310.276797507671
"510131004001",1326642.6583537,0,0,0,0,0,0,0,9321.44808274565,0,0,0,0,787195.744325273,0,0,0,0,0,0,0,0,0,0,0,0,0,0,60.8415468657622,0,0,0,0,0,0,0,0,138.567828317871,0,0,0,0,0,0,0,0,0,0,0,330.413199204311,0,0,206555.961311563,0,0,0,0,0,0,0,0,0,0,0
"510131004002",1073698.28311849,0,0,0,0,0,0,0,0,0,0,0,0,506.844161848174,0,0,0,0,0,0,0,0,0,0,0,0,0,0,180884.483747341,0,291239.409279481,0,0,0,0,0,0,0,0,0,0,0,0,0,0,0,0,0,0,0,0,0,0,0,0,0,0,0,0,0,0,0,22.3255444699898,0
"510131004003",1371873.12818124,0,0,0,0,0,0,0,0,0,0,0,0,0,0,0,0,0,0,190.102123931632,0,0,0,0,0,0,0,0,96.3444870943767,0,225794.390445657,0,0,0,0,0,0,0,0,0,0,0,0,0,0,274.447386689251,0,0,0,0,0,0,0,184578.103220132,0,0,0,0,0,0,0,0,662545.649684404,0
"510131005001",432295.306384759,0,0,0,0,0,0,0,0,0,0,0,0,0,0,0,0,0,0,65598.8922813569,0,0,0,0,0,0,0,0,0,0,0,0,0,0,0,0,0,0,0,0,0,0,0,0,0,362983.55102466,0,0,0,0,0,0,0,0,0,0,0,0,0,0,0,0,80.5284397059295,0
"510131005002",407130.116181502,0,0,0,0,0,0,0,0,0,0,0,0,0,0,0,0,0,0,221984.587435525,0,0,0,0,0,0,0,0,184842.275277419,0,0,0,0,0,0,0,0,0,0,0,0,0,0,0,0,0,0,0,0,0,0,0,0,0,0,0,0,0,60.6938197176787,0,0,0,242.560700448972,0
"510131005003",783252.218319434,0,0,0,0,0,0,0,0,0,0,0,0,17.9182382337749,0,0,0,0,0,0,0,0,0,0,0,0,0,0,715091.810779079,0,0,0,0,0,0,0,0,0,0,0,0,0,0,0,0,0,0,0,66593.3009167072,0,0,0,0,0,0,0,0,0,59.8528728336096,0,0,0,0,0
"510131005004",504657.056069396,0,0,0,0,0,0,0,0,0,0,0,0,0,0,0,0,0,0,0,0,0,0,0,0,0,0,0,84386.6531533609,0,0,0,0,0,57.5483710671542,0,0,0,0,49.7919648764655,0,0,0,0,0,0,0,0,335723.228683486,0,0,0,0,0,0,0,0,0,508.810028035776,0,0,0,0,42.8124858846131
"510131006001",411860.905140016,0,0,0,0,0,0,0,0,0,0,5353.66665773509,0,0,0,0,0,0,50696.56221987,342050.713603569,0,0,0,0,0,0,0,0,0,0,0,0,0,0,0,0,0,0,0,0,0,0,0,12736.7552720701,0,995.924516295505,0,0,0,0,0,0,0,0,0,0,0,0,0,0,0,0,0,0
"510131006002",331992.945929052,0,0,0,0,0,0,0,0,0,0,1657.5798054984,0,0,0,0,0,0,0,330327.809313327,0,0,0,0,0,0,0,0,0,0,0,0,0,0,0,0,0,0,0,0,0,0,0,0,0,0,0,0,0,0,0,0,0,0,0,0,0,0,0,0,0,0,0,0
"510131006003",275562.154518505,0,0,0,0,0,0,0,0,0,0,2122.12597298314,0,0,0,0,0,0,0,235318.861290964,0,0,0,0,0,0,0,0,0,0,0,0,0,0,0,0,0,0,0,0,0,0,0,0,0,0,0,0,0,0,0,0,0,0,0,0,0,0,38121.1687634385,0,0,0,0,0
"510131007001",243265.595743785,0,0,0,0,0,0,0,0,0,0,0,0,0,0,0,0,0,0,288.301759514346,0,0,0,0,0,0,0,0,34.454504720401,0,0,0,0,0,37.2203978300095,0,0,0,0,0,0,0,0,0,0,0,0,0,0,0,0,0,0,0,0,0,0,0,242871.846332545,33.7720910306089,0,0,0,0
"510131007002",273619.006400306,0,0,0,0,0,0,0,0,0,0,2138.90631437676,0,0,0,0,0,0,0,165.947736364234,0,0,0,0,0,0,0,0,0,0,0,0,0,0,0,0,0,0,0,0,0,0,0,0,0,0,0,0,0,0,0,0,0,0,0,0,0,0,270739.293084164,574.857750698604,0,0,0,0
"510131007003",347235.8536758,0,0,0,0,0,0,0,0,0,0,0,0,0,141893.943246631,0,0,0,0,0,0,0,0,0,0,0,0,0,0,0,0,0,0,0,0,0,0,0,0,0,0,0,0,0,0,0,0,0,0,0,0,0,0,0,0,0,0,50.4620741209947,0,205291.448033126,0,0,0,0
"510131007004",304865.722373492,0,0,0,0,0,0,0,0,0,0,0,0,0,0,0,0,0,0,0,0,0,0,0,0,0,0,0,0,0,0,0,0,0,0,0,0,0,0,18459.1660869447,0,0,0,0,0,0,0,0,0,0,0,0,0,0,0,0,0,0,300.240047576372,286106.255222846,0,0,0,0
"510131007005",155717.908198108,0,0,0,0,0,0,0,0,0,0,0,0,0,0,0,0,0,0,0,0,0,0,0,0,0,0,0,20.1072968791705,0,0,0,0,0,86.3683476662263,0,0,0,0,0,0,0,0,0,0,0,0,0,0,0,0,0,0,0,0,0,0,0,155610.612974752,0,0,0,0,0
"510131007006",231182.327942066,0,0,0,0,0,0,0,0,0,0,0,0,0,0,0,0,0,0,0,0,0,0,0,0,0,0,0,0,0,0,0,0,0,119907.611554591,0,0,0,0,54566.0497757923,0,0,0,0,0,0,0,0,37.4006944252178,0,0,0,0,0,0,0,0,0,163.280191431986,56507.9844458591,0,0,0,0
"510131008001",237497.622817862,0,0,0,0,0,0,0,0,0,0,0,0,0,0,0,0,0,0,0,0,0,0,0,0,0,0,0,0,0,0,0,0,0,0,0,0,0,0,169324.343387856,0,0,0,0,0,0,0,0,14695.1392695098,0,0,0,0,0,0,0,0,0,0,0,0,0,0,53478.1311997696
"510131008002",202146.037875362,0,0,0,0,0,0,0,0,0,0,0,0,0,0,0,0,0,0,0,0,0,0,0,0,0,0,0,0,0,0,0,0,0,0,0,0,0,0,201885.453252071,0,0,0,0,0,0,0,0,0,0,0,0,0,0,0,0,0,0,0,259.940268924227,0,0,0,0
"510131009001",678618.8021529,0,0,0,0,0,0,0,0,0,0,0,0,0,0,0,0,0,0,0,0,0,0,0,0,0,0,0,0,0,0,0,0,0,0,0,0,0,0,148791.989681231,128608.103957688,0,0,0,0,0,0,0,0,0,0,0,0,0,0,0,0,400930.740290024,0,192.450773999655,25.3786082527658,0,0,70.1439509593183
"510131009002",349996.305307094,0,0,0,0,0,0,0,0,0,0,0,0,0,291.101378546562,0,0,0,0,0,0,0,0,0,0,0,0,0,0,0,0,0,0,0,0,0,0,0,0,28.0252701567952,0,0,0,0,0,0,0,0,0,0,0,0,0,0,0,0,0,271151.748356041,0,78524.8726866981,0,0,0,0
"510131009003",325018.160402299,0,0,0,0,0,0,0,0,0,0,0,0,0,283195.862137408,0,0,0,0,0,0,0,0,0,0,0,0,0,0,0,0,0,0,0,0,0,0,0,0,0,0,0,0,0,0,0,0,0,0,0,0,0,0,0,0,0,0,212.888573762029,0,0,41609.4038221365,0,0,0
"510131009004",287109.012415177,0,0,0,0,0,0,0,0,0,0,0,0,0,8909.48441994441,0,0,0,0,0,0,0,0,0,0,0,0,0,0,0,0,0,0,0,0,0,0,0,0,0,0,0,0,0,0,0,0,0,0,0,0,0,0,0,0,0,0,218.828713084687,0,0,277977.27537758,0,0,0
"510131010001",269761.394010917,0,0,0,0,0,0,0,0,0,0,0,0,0,0,0,0,0,0,0,0,0,0,0,0,0,0,0,0,0,0,0,0,0,0,0,0,0,495.474677452352,0,264614.910690654,0,0,0,0,0,0,0,0,0,0,0,0,0,0,0,0,4536.25242363187,0,0,0,0,0,114.742414993583
"510131010002",231534.62168959,0,0,0,0,0,0,0,0,0,0,0,0,0,0,0,0,0,0,0,0,0,0,0,0,0,0,0,0,0,0,0,0,0,0,0,0,0,78.6816916167736,0,113.04980840697,0,0,0,0,0,0,0,0,0,0,0,0,0,0,0,0,231248.934864859,0,0,93.9613460440596,0,0,0
"510131010003",281196.631092624,0,0,0,0,0,0,0,0,0,0,0,0,0,0,0,0,0,0,0,0,0,0,0,0,0,0,8910.81255439669,0,0,0,0,0,0,0,0,0,0,24.9828068271745,0,0,0,0,0,0,0,0,0,0,0,0,0,0,0,0,0,0,0,0,0,272259.558947404,0,0,0
"510131010004",294150.524928847,0,0,0,0,0,0,0,0,0,0,0,0,0,0,0,0,0,0,0,0,0,0,0,0,0,0,2252.47379859909,0,0,0,0,0,0,0,0,0,0,268285.968464663,0,0,0,0,0,23.9574620015919,0,0,0,0,0,0,0,0,0,0,0,0,139.470292156562,0,0,23448.6487844025,0,0,0
"510131011001",373949.199925702,0,152.474529981613,0,0,0,0,0,0,0,0,0,0,0,0,0,0,0,0,0,0,0,0,0,0,0,0,0,0,0,0,0,0,0,0,0,0,0,114502.805534287,0,259293.920812604,0,0,0,0,0,0,0,0,0,0,0,0,0,0,0,0,0,0,0,0,0,0,0
"510131011002",436897.392912424,0,128739.948141706,0,0,0,0,0,0,0,0,0,0,0,0,0,0,0,0,0,0,0,0,0,0,0,0,0,0,0,0,0,0,0,0,0,0,0,293232.461555654,0,36.8330884734169,0,0,0,14888.1475670235,0,0,0,0,0,0,0,0,0,0,0,0,0,0,0,0,0,0,0
"510131011003",609259.241475073,0,15882.7919267673,0,0,0,0,0,0,0,0,0,0,0,0,0,0,0,0,0,0,0,0,0,0,0,0,618.529180814396,0,0,0,0,0,0,0,0,0,0,0,0,0,0,0,0,592757.921154598,0,0,0,0,0,0,0,0,0,0,0,0,0,0,0,0,0,0,0
"510131011004",374335.616080602,0,374016.804614328,0,0,0,0,0,0,0,0,0,0,0,0,0,0,0,0,0,0,0,0,0,0,0,0,0,0,0,0,0,0,0,0,0,0,0,0,0,0,0,0,0,318.811468034604,0,0,0,0,0,0,0,0,0,0,0,0,0,0,0,0,0,0,0
"510131011005",377088.923738756,0,376867.086866682,0,0,0,0,0,0,0,0,0,0,0,0,0,0,0,0,0,0,0,0,0,0,0,0,0,0,0,0,0,0,0,0,0,0,0,124.888314211879,0,96.9431429463439,0,0,0,0,0,0,0,0,0,0,0,0,0,0,0,0,0,0,0,0,0,0,0
"510131012001",919132.152689702,0,0,0,0,0,0,0,0,0,0,0,0,0,35616.1534818479,803629.515343575,0,0,0,0,0,0,0,0,0,0,0,415.705141211394,0,0,0,0,0,0,0,79470.9634727796,0,0,0,0,0,0,0,0,0,0,0,0,0,0,0,0,0,0,0,0,0,0,0,0,0,0,0,0
"510131012002",326873.782768369,0,0,0,0,0,0,0,0,0,0,0,0,0,5992.49981465156,434.107823059428,0,0,0,0,0,0,0,0,0,0,0,320447.181536295,0,0,0,0,0,0,0,0,0,0,0,0,0,0,0,0,0,0,0,0,0,0,0,0,0,0,0,0,0,0,0,0,0,0,0,0
"510131012003",350007.538059056,0,0,0,0,0,0,0,0,0,0,0,0,0,43.1621337030665,13.1228180900216,0,0,0,0,0,0,0,0,0,0,0,349718.620200632,0,0,0,0,0,0,0,0,0,0,0,0,0,0,0,0,232.633166022744,0,0,0,0,0,0,0,0,0,0,0,0,0,0,0,0,0,0,0
"510131013001",499021.855944942,0,0,0,0,0,0,0,0,0,0,0,0,0,477288.604474125,68.4541569155408,0,0,0,0,0,0,0,0,0,0,0,21664.7980561774,0,0,0,0,0,0,0,0,0,0,0,0,0,0,0,0,0,0,0,0,0,0,0,0,0,0,0,0,0,0,0,0,0,0,0,0
"510131013002",321151.15125322,0,0,0,0,0,0,0,0,0,0,0,0,0,314353.320742306,4422.48577199286,0,0,0,0,0,0,0,0,0,0,0,0,0,0,0,0,0,0,0,2375.34478390776,0,0,0,0,0,0,0,0,0,0,0,0,0,0,0,0,0,0,0,0,0,0,0,0,0,0,0,0
"510131013003",360578.48600729,0,0,359740.172745561,0,0,0,0,0,0,0,0,0,0,0,0,838.314074021997,0,0,0,0,0,0,0,0,0,0,0,0,0,0,0,0,0,0,0,0,0,0,0,0,0,0,0,0,0,0,0,0,0,0,0,0,0,0,0,0,0,0,0,0,0,0,0
"510131013004",328698.915794144,0,0,98.0901902709156,0,0,0,0,0,992.209914813749,0,0,0,0,266845.860148816,0,60756.5620136023,0,0,0,0,0,0,0,0,0,0,0,0,0,0,0,0,0,0,0,0,0,0,0,0,0,0,0,0,0,0,0,0,0,0,0,0,0,0,0,0,0,0,0,0,0,0,0
"510131013005",514079.96079682,0,0,713.850851375675,0,0,0,0,0,0,0,0,0,0,513365.555985915,0,0,0,0,0,0,0,0,0,0,0,0,0,0,0,0,0,0,0,0,0,0,0,0,0,0,0,0,0,0,0,0,0,0,0,0,0,0,0,0,0,0,0,0,0,0,0,0,0
"510131013006",467001.232473977,0,0,456928.9808678,0,0,0,0,0,0,0,0,0,0,202.411755294539,0,29.3820942991297,0,0,0,0,0,0,0,0,0,0,0,0,0,0,0,0,0,0,9840.69495536503,0,0,0,0,0,0,0,0,0,0,0,0,0,0,0,0,0,0,0,0,0,0,0,0,0,0,0,0
"510131014011",338926.796895559,0,0,0,0,0,0,0,0,14.9200887284242,0,36305.2651979465,0,0,302596.471224776,0,0,0,0,0,0,0,0,0,0,0,0,0,0,0,0,0,0,0,0,0,0,0,0,0,0,0,0,0,0,0,0,0,0,0,0,0,0,0,0,0,0,0,0,10.1397525444627,0,0,0,0
"510131014021",279627.313151349,0,0,0,0,0,0,0,0,0,0,271401.98470496,0,0,25.3937344269507,0,0,0,0,0,0,0,0,0,0,0,0,0,0,0,0,0,0,0,0,0,0,0,0,0,0,0,0,0,0,0,0,0,0,0,0,0,0,0,0,0,0,0,0,8199.93485006993,0,0,0,0
"510131014022",81304.70260861,0,0,0,0,0,0,0,0,0,0,81134.3326359116,0,0,170.370466616005,0,0,0,0,0,0,0,0,0,0,0,0,0,0,0,0,0,0,0,0,0,0,0,0,0,0,0,0,0,0,0,0,0,0,0,0,0,0,0,0,0,0,0,0,0,0,0,0,0
"510131014023",101942.51116282,0,0,0,0,0,0,0,0,0,0,101942.51116282,0,0,0,0,0,0,0,0,0,0,0,0,0,0,0,0,0,0,0,0,0,0,0,0,0,0,0,0,0,0,0,0,0,0,0,0,0,0,0,0,0,0,0,0,0,0,0,0,0,0,0,0
"510131014031",137931.897370959,0,0,0,0,0,0,0,0,67108.1344993609,0,70823.7608904309,0,0,0,0,0,0,0,0,0,0,0,0,0,0,0,0,0,0,0,0,0,0,0,0,0,0,0,0,0,0,0,0,0,0,0,0,0,0,0,0,0,0,0,0,0,0,0,0,0,0,0,0
"510131014032",29155.5073722895,0,0,0,0,0,0,0,0,11.7618967270246,0,29143.7474531416,0,0,0,0,0,0,0,0,0,0,0,0,0,0,0,0,0,0,0,0,0,0,0,0,0,0,0,0,0,0,0,0,0,0,0,0,0,0,0,0,0,0,0,0,0,0,0,0,0,0,0,0
"510131014033",28536.5841697069,0,0,0,0,0,0,0,0,135.194210417052,0,28401.3899652498,0,0,0,0,0,0,0,0,0,0,0,0,0,0,0,0,0,0,0,0,0,0,0,0,0,0,0,0,0,0,0,0,0,0,0,0,0,0,0,0,0,0,0,0,0,0,0,0,0,0,0,0
"510131014034",109046.058922397,0,0,0,0,0,0,0,0,36000.2264264855,0,73045.8324904475,0,0,0,0,0,0,0,0,0,0,0,0,0,0,0,0,0,0,0,0,0,0,0,0,0,0,0,0,0,0,0,0,0,0,0,0,0,0,0,0,0,0,0,0,0,0,0,0,0,0,0,0
"510131014041",309751.497821265,0,0,0,0,0,0,0,0,24584.2040376035,0,285167.294125742,0,0,0,0,0,0,0,0,0,0,0,0,0,0,0,0,0,0,0,0,0,0,0,0,0,0,0,0,0,0,0,0,0,0,0,0,0,0,0,0,0,0,0,0,0,0,0,0,0,0,0,0
"510131015001",174618.134855181,0,0,0,0,0,0,0,0,0,0,0,0,0,0,0,0,0,0,0,0,0,425.43351773452,0,0,0,0,0,0,0,0,0,0,0,0,0,0,0,0,0,0,0,0,28646.475422819,0,0,143575.2141163,0,0,0,0,0,0,0,0,0,0,0,0,0,0,0,0,0
"510131015002",250874.683132252,0,0,0,0,0,0,0,0,0,0,0,0,0,0,0,0,0,0,0,0,271.347440527985,33.7808133433573,0,0,0,0,0,0,0,0,0,0,0,0,0,0,0,0,0,0,0,0,246220.796387651,0,0,4323.19317800861,0,0,0,0,0,0,0,0,0,0,0,0,0,0,0,0,0
"510131015003",323668.606568817,0,0,0,0,0,0,0,0,0,0,31600.3283348861,0,0,0,0,0,0,0,0,0,901.678826260846,0,0,0,0,0,0,0,0,0,0,0,0,0,0,0,0,0,0,0,0,0,291165.372162479,0,0,0,0,0,0,0,0,0,0,0,0,0,0,0,0,0,0,0,0
"510131015004",559599.605481521,0,0,0,0,0,0,0,0,0,0,412929.130206724,0,0,0,0,0,0,0,0,0,0,0,0,0,0,0,0,0,0,0,0,0,0,0,0,0,0,0,0,0,0,0,113438.288912902,0,0,252.528179963236,0,0,0,0,0,0,0,0,0,0,0,0,0,0,0,0,0
"510131015005",297807.657361199,0,0,0,0,0,0,0,0,0,0,46.0139565244317,0,0,0,0,0,0,0,0,0,0,0,0,0,0,0,0,0,0,0,0,0,0,0,0,0,0,0,0,0,0,0,297702.351145942,0,0,53.333244858828,0,0,0,0,0,0,0,0,0,0,0,0,0,0,0,0,0
"510131015006",127908.244859228,0,0,0,0,0,0,0,0,0,0,0,0,0,0,0,0,0,0,0,0,0,0,0,0,0,0,0,0,0,0,0,0,0,0,0,0,0,0,0,0,0,0,890.275816243142,0,0,122962.516413872,0,0,0,0,0,0,0,0,0,0,0,0,0,0,0,0,0
"510131016011",462970.801688144,0,0,0,0,0,0,0,0,0,0,0,0,0,0,0,0,0,0,0,0,0,613.713241572346,0,0,0,0,0,0,0,0,0,0,0,0,0,0,0,0,0,0,0,0,0,0,16.777473684866,245510.40267941,0,0,0,0,0,0,0,0,0,0,0,0,0,0,0,0,0
"510131016012",229723.242186415,0,0,0,0,0,0,0,0,0,0,0,0,0,0,0,0,0,0,0,0,0,357.310864752624,0,0,0,0,0,0,0,0,0,0,0,0,0,0,0,0,0,0,0,0,0,0,0,106155.513477239,63627.6433481895,0,0,0,0,0,0,0,0,0,0,0,0,0,0,0,0
"510131016021",91129.6554214838,0,0,0,0,0,0,0,0,0,0,0,0,0,0,0,0,0,0,0,0,0,90802.2841132078,0,0,0,0,0,0,0,0,0,0,0,0,0,0,0,0,0,0,0,0,78.5665569398552,0,0,248.793877762277,0,0,0,0,0,0,0,0,0,0,0,0,0,0,0,0,0
"510131016022",116046.311553302,0,0,0,0,0,0,0,0,0,0,0,0,0,0,0,0,0,0,0,0,0,115860.574695502,0,0,0,0,0,0,0,0,0,0,0,0,0,0,0,0,0,0,0,0,90.1484425967792,0,0,0,0,0,0,0,95.5912001691759,0,0,0,0,0,0,0,0,0,0,0,0
"510131016031",84381.1695270168,0,0,0,0,0,0,0,0,0,0,0,0,0,0,0,0,0,0,0,0,0,84072.660149046,0,0,0,0,0,0,0,0,0,0,0,0,0,0,0,0,0,0,0,0,0,0,0,0,157.575458244886,0,0,0,150.933962647803,0,0,0,0,0,0,0,0,0,0,0,0
"510131016032",193410.927813927,0,0,0,0,0,0,0,0,0,0,0,0,0,0,0,0,0,0,0,0,0,17697.7568282333,0,0,0,0,0,0,0,0,0,0,0,0,0,0,0,0,0,0,0,0,0,0,0,0,175436.171390345,0,0,0,277.001802374609,0,0,0,0,0,0,0,0,0,0,0,0
"510131016033",181327.32125412,0,0,0,0,0,0,0,0,0,0,0,0,0,0,0,0,0,0,0,0,0,0,0,0,0,0,0,0,0,0,0,0,0,0,0,0,0,0,0,0,0,0,0,0,0,0,158808.650816984,0,0,0,537.591780964285,0,0,0,0,0,0,0,0,0,0,0,0
"510131017011",85723.5138357239,0,0,0,0,0,0,0,0,0,0,0,0,0,0,0,0,0,0,0,0,0,0,0,0,0,0,0,0,0,0,0,0,0,0,0,0,0,0,0,0,0,0,0,0,0,0,0,0,0,0,76371.6477785457,0,0,0,0,0,0,0,0,0,0,0,0
"510131017012",34884.0644918508,0,0,0,0,0,0,0,0,0,0,0,0,0,0,0,0,0,0,0,0,0,0,0,0,0,0,0,0,0,0,0,0,0,0,0,0,0,0,0,0,0,0,0,0,0,0,0,0,0,0,34884.0644918508,0,0,0,0,0,0,0,0,0,0,0,0
"510131017013",34964.0503899734,0,0,0,0,0,0,0,0,0,0,0,0,0,0,0,0,0,0,0,0,0,0,0,0,0,0,0,0,0,0,0,0,0,0,0,0,0,0,0,0,0,0,0,0,0,0,0,0,0,0,34964.0503899734,0,0,0,0,0,0,0,0,0,0,0,0
"510131017014",88280.8928008163,0,0,0,0,0,0,0,0,0,0,0,0,0,0,0,0,0,0,0,0,11.1344309216365,147.01723540137,0,0,0,0,0,0,0,0,0,0,0,0,0,0,0,0,0,0,0,0,0,0,0,0,0,0,0,0,88122.7392084287,0,0,0,0,0,0,0,0,0,0,0,0
"510131017021",99817.8039824261,0,0,0,0,0,0,0,0,0,0,0,0,0,0,0,0,0,0,0,0,0,0,0,0,0,0,0,0,0,0,0,0,0,0,0,0,0,0,0,0,0,0,0,0,0,0,621.290986817563,0,0,0,92272.5814630882,0,0,0,0,0,0,0,0,0,0,0,0
"510131017022",180836.513389041,0,0,0,0,0,0,0,0,0,0,0,0,0,0,0,0,0,0,0,0,0,0,0,0,0,0,0,0,0,0,0,0,0,0,0,0,0,0,0,0,0,0,0,0,0,0,46.0632837247103,0,0,0,180789.519610522,0,0,0,0,0,0,0,0,0,0,0,0
"510131017023",101791.164978371,0,0,0,0,0,0,0,0,0,0,0,0,0,0,0,0,0,0,0,0,0,157.941082381643,0,0,0,0,0,0,0,0,0,0,0,0,0,0,0,0,0,0,0,0,0,0,0,0,0,0,0,0,101633.224116818,0,0,0,0,0,0,0,0,0,0,0,0
"510131017031",111797.089532642,0,0,0,0,0,0,0,0,0,0,0,0,0,0,0,0,0,0,0,0,0,0,0,0,0,0,0,0,0,0,0,0,0,0,0,0,0,0,0,0,0,0,0,0,0,0,0,0,0,0,111748.717278534,0,0,0,0,0,0,0,0,0,0,0,0
"510131017032",136948.967999043,0,0,0,0,0,0,0,0,0,0,0,0,0,0,0,0,0,0,0,0,0,0,0,0,0,0,0,0,0,0,0,0,0,0,0,0,0,0,0,0,0,0,0,0,0,0,0,0,0,0,136742.862174552,0,0,0,0,0,0,0,0,0,0,0,0
"510131018011",280823.860237962,0,0,0,0,0,0,0,0,0,0,0,0,0,0,0,0,0,0,0,0,191836.546125208,0,0,0,0,0,0,0,0,0,0,0,0,0,0,0,0,0,0,0,0,88823.2467713567,164.069767980021,0,0,0,0,0,0,0,0,0,0,0,0,0,0,0,0,0,0,0,0
"510131018021",117332.603504703,0,0,0,0,0,0,0,0,0,0,0,0,0,0,0,0,0,0,0,0,116054.858822153,849.080837552901,0,0,0,0,0,0,0,0,0,0,0,0,0,0,0,0,0,0,0,0,157.365254371311,0,0,0,0,0,0,0,271.297028647736,0,0,0,0,0,0,0,0,0,0,0,0
"510131018022",35722.0109961061,0,0,0,0,0,0,0,0,0,0,0,0,0,0,0,0,0,0,0,0,35722.0109961061,0,0,0,0,0,0,0,0,0,0,0,0,0,0,0,0,0,0,0,0,0,0,0,0,0,0,0,0,0,0,0,0,0,0,0,0,0,0,0,0,0,0
"510131018023",46452.0338066865,0,0,0,0,0,0,0,0,0,0,0,0,0,0,0,0,0,0,0,0,45199.120260321,0,0,0,0,0,0,0,0,0,0,0,0,0,0,0,0,0,0,0,0,0,0,0,0,0,0,0,0,0,458.162684062496,0,0,0,0,0,0,0,0,0,0,0,0
"510131018024",88860.5325632452,0,0,0,0,0,0,0,0,0,0,0,0,0,0,0,0,0,0,0,0,77385.8892283179,0,0,0,0,0,0,0,0,0,0,0,0,0,0,0,0,0,0,0,0,127.352242100402,0,0,0,0,0,0,0,0,0,0,0,0,0,0,0,0,0,0,0,0,0
"510131018025",107254.235404988,0,0,0,0,0,0,0,0,0,0,0,0,0,0,0,0,0,0,0,0,107242.897704219,0,0,0,0,0,0,0,0,0,0,0,0,0,0,0,0,0,0,0,0,11.3431077775313,0,0,0,0,0,0,0,0,0,0,0,0,0,0,0,0,0,0,0,0,0
"510131018031",200294.874193519,0,0,0,0,0,0,0,0,0,0,0,0,0,0,0,0,0,0,0,0,139.014081196859,0,0,0,0,0,0,0,0,0,0,0,0,0,0,0,0,0,0,0,0,200155.851693114,0,0,0,0,0,0,0,0,0,0,0,0,0,0,0,0,0,0,0,0,0
"510131018032",116500.097081614,0,0,0,0,0,0,0,0,0,0,0,0,0,0,0,0,0,0,0,0,34.9124071523547,0,0,0,0,0,0,0,0,0,0,0,0,0,0,0,0,0,0,0,0,103485.406710694,0,0,0,0,0,0,0,0,0,0,0,0,0,0,0,0,0,0,0,0,0
"510131018033",205910.231766554,0,0,0,0,0,0,0,0,0,0,0,0,0,0,0,0,0,0,0,0,0,0,0,0,0,0,0,0,0,0,0,0,0,0,0,0,0,0,0,0,0,179483.745992439,0,0,0,0,0,0,0,0,0,0,0,0,0,0,0,0,0,0,0,0,0
"510131018034",435282.639291357,0,0,0,155.483025280642,0,0,0,0,0,0,0,0,0,0,0,0,0,0,0,0,0,0,0,0,0,0,0,0,0,0,0,0,0,0,0,0,0,0,0,0,0,425322.923564393,0,0,0,0,0,0,0,2127.52233490432,0,0,0,0,0,0,0,0,0,0,0,0,0
"510131019001",248024.116201756,0,0,0,0,0,0,0,0,102496.214176249,0,122.535645426309,0,0,0,0,0,0,0,0,0,62967.3627026211,0,0,0,0,0,0,0,0,0,0,0,0,0,0,0,0,0,0,0,0,82437.9987941409,0,0,0,0,0,0,0,0,0,0,0,0,0,0,0,0,0,0,0,0,0
"510131019002",646372.269670308,0,0,0,1874.95192337989,0,0,0,0,510146.95963645,0,0,0,0,0,0,0,0,0,0,0,0,0,0,0,0,0,0,0,0,0,0,0,0,0,0,0,0,0,0,0,0,134348.95354943,0,0,0,0,0,0,0,0,0,0,0,0,0,0,0,0,0,0,0,0,0
"510131019003",213359.978333717,0,0,0,0,0,0,0,0,213310.271504378,0,49.7064915249939,0,0,0,0,0,0,0,0,0,0,0,0,0,0,0,0,0,0,0,0,0,0,0,0,0,0,0,0,0,0,0,0,0,0,0,0,0,0,0,0,0,0,0,0,0,0,0,0,0,0,0,0
"510131020011",101628.339988178,0,0,95.5377786231693,0,0,0,0,0,0,0,0,0,0,124.548959130771,0,101408.254526548,0,0,0,0,0,0,0,0,0,0,0,0,0,0,0,0,0,0,0,0,0,0,0,0,0,0,0,0,0,0,0,0,0,0,0,0,0,0,0,0,0,0,0,0,0,0,0
"510131020012",109454.341708059,0,0,0,0,0,0,0,0,16306.0694575215,0,0,0,0,19.801389656961,0,93128.4683669861,0,0,0,0,0,0,0,0,0,0,0,0,0,0,0,0,0,0,0,0,0,0,0,0,0,0,0,0,0,0,0,0,0,0,0,0,0,0,0,0,0,0,0,0,0,0,0
"510131020021",179757.286971947,0,0,0,0,0,0,0,0,179757.286971947,0,0,0,0,0,0,0,0,0,0,0,0,0,0,0,0,0,0,0,0,0,0,0,0,0,0,0,0,0,0,0,0,0,0,0,0,0,0,0,0,0,0,0,0,0,0,0,0,0,0,0,0,0,0
"510131020031",192154.669490249,0,0,18456.2110211328,0,0,0,0,0,0,0,0,0,0,0,0,173698.457476578,0,0,0,0,0,0,0,0,0,0,0,0,0,0,0,0,0,0,0,0,0,0,0,0,0,0,0,0,0,0,0,0,0,0,0,0,0,0,0,0,0,0,0,0,0,0,0
"510131020032",256107.117426476,3131.26689618314,0,0,0,0,0,0,0,610.913181210635,0,0,0,0,0,0,252362.533022929,0,0,0,0,0,0,0,0,0,0,0,0,0,0,0,0,0,0,0,0,0,0,0,0,0,0,0,0,0,0,0,0,0,0,0,0,0,0,0,0,0,0,0,0,0,0,0
"510131020033",143724.494721973,0,0,0,0,0,0,0,0,142715.037615829,0,0,0,0,0,0,1009.45839954837,0,0,0,0,0,0,0,0,0,0,0,0,0,0,0,0,0,0,0,0,0,0,0,0,0,0,0,0,0,0,0,0,0,0,0,0,0,0,0,0,0,0,0,0,0,0,0
"510131021001",342496.461669124,0,0,7262.07001029959,0,50.6734000566612,0,0,0,0,0,0,0,0,0,0,0,0,0,0,0,0,0,0,0,0,0,0,0,0,0,0,49.8659023361579,0,0,335133.851480485,0,0,0,0,0,0,0,0,0,0,0,0,0,0,0,0,0,0,0,0,0,0,0,0,0,0,0,0
"510131021002",798422.795082087,0,0,246469.897455863,0,0,0,0,0,0,0,0,3918.62099135715,0,0,50.3195891445503,46.2301806556061,0,0,0,0,0,0,0,0,0,0,0,0,0,0,0,0,0,0,547937.534666854,0,0,0,0,0,0,0,0,0,0,0,0,0,0,0,0,0,0,0,0,0,0,0,0,0,0,0,0
"510131022001",235849.317398671,0,0,0,0,157060.72206321,0,0,0,0,0,0,0,0,0,0,0,0,0,0,0,0,0,0,0,0,0,0,0,0,0,0,74348.6250044188,0,0,4439.9706845127,0,0,0,0,0,0,0,0,0,0,0,0,0,0,0,0,0,0,0,0,0,0,0,0,0,0,0,0
"510131022002",122398.305362826,0,0,0,0,122349.567037139,0,0,0,0,0,0,0,0,0,0,0,0,0,0,0,0,0,48.7383314035833,0,0,0,0,0,0,0,0,0,0,0,0,0,0,0,0,0,0,0,0,0,0,0,0,0,0,0,0,0,0,0,0,0,0,0,0,0,0,0,0
"510131022003",233075.493301763,0,0,12.1243795126011,0,180726.00141205,0,0,0,0,0,0,20063.1697246776,0,0,0,0,0,0,0,0,0,0,24.6979931956157,0,0,0,0,0,0,0,0,32244.6754958678,0,0,0,0,0,0,0,0,0,0,0,0,0,0,0,0,0,0,0,0,0,0,0,0,0,0,0,0,0,0,0
"510131022004",109752.630831195,0,0,0,0,109752.630831195,0,0,0,0,0,0,0,0,0,0,0,0,0,0,0,0,0,0,0,0,0,0,0,0,0,0,0,0,0,0,0,0,0,0,0,0,0,0,0,0,0,0,0,0,0,0,0,0,0,0,0,0,0,0,0,0,0,0
"510131022005",158561.312832112,0,0,0,0,158523.436338572,0,0,0,0,0,0,0,0,0,0,0,0,0,0,0,0,0,37.885745305568,0,0,0,0,0,0,0,0,0,0,0,0,0,0,0,0,0,0,0,0,0,0,0,0,0,0,0,0,0,0,0,0,0,0,0,0,0,0,0,0
"510131023011",404105.042558001,190.886576887224,0,346.323601147858,0,0,0,0,0,0,0,0,392431.400920921,0,0,0,10387.8502280331,0,0,0,0,0,0,0,0,0,0,0,0,0,0,0,0,0,0,0,0,0,0,0,0,0,0,0,0,0,0,0,0,0,0,0,0,0,0,0,0,0,0,0,0,0,0,0
"510131023012",452629.208389618,143623.886250539,0,0,667.246202291921,0,0,0,0,0,0,0,8259.8537759065,0,0,0,0,0,0,0,0,0,0,0,0,0,0,0,0,0,0,0,0,0,0,0,0,0,0,0,0,0,0,0,0,0,0,0,0,0,0,0,0,0,0,0,0,0,0,0,0,0,0,0
"510131023021",209150.705450155,0,0,87.8162566924875,0,0,0,0,0,0,0,0,209051.811958825,0,0,0,0,0,0,0,0,0,0,0,0,0,0,0,0,11.0771553439263,0,0,0,0,0,0,0,0,0,0,0,0,0,0,0,0,0,0,0,0,0,0,0,0,0,0,0,0,0,0,0,0,0,0
"510131023022",123491.645407311,0,0,0,0,0,0,0,0,0,0,0,123381.266681871,0,0,0,0,0,0,0,0,0,0,0,0,0,0,0,0,110.37874270769,0,0,0,0,0,0,0,0,0,0,0,0,0,0,0,0,0,0,0,0,0,0,0,0,0,0,0,0,0,0,0,0,0,0
"510131023023",279137.172145035,553.663230524493,0,0,0,0,0,0,0,0,0,0,278415.319033624,0,0,0,0,0,0,0,0,0,0,0,0,0,0,0,0,168.189709157217,0,0,0,0,0,0,0,0,0,0,0,0,0,0,0,0,0,0,0,0,0,0,0,0,0,0,0,0,0,0,0,0,0,0
"510131023024",577514.68316622,557938.167699131,0,0,375.697142148587,0,0,0,0,0,0,0,65.8781216703355,0,0,0,0,0,0,0,0,0,0,0,0,0,0,0,0,125.164350242034,0,0,0,0,0,0,0,0,0,0,0,0,0,0,0,0,0,0,0,0,0,0,0,0,0,0,0,0,0,0,0,0,0,0
"510131024001",186354.572097058,0,0,0,0,0,0,0,0,0,0,0,0,0,0,0,0,0,0,0,0,0,0,0,0,0,0,0,0,0,0,0,0,0,0,0,0,0,0,0,0,0,0,0,0,0,0,0,0,0,145641.072649384,0,0,0,0,0,0,0,0,0,0,0,0,0
"510131024002",278186.393076622,0,0,0,18.692041256465,0,0,0,0,0,0,0,0,0,0,0,0,0,0,0,0,0,0,0,0,0,0,0,0,0,0,0,0,0,0,0,0,0,0,0,0,0,0,0,0,0,0,0,0,0,278165.396407052,0,0,0,0,0,0,0,0,0,0,0,0,0
"510131024003",213727.244486211,79.442942859605,0,0,213509.176658811,0,0,0,0,0,0,0,0,0,0,0,0,0,0,0,0,0,0,0,0,0,0,0,0,0,0,0,0,0,0,0,0,0,0,0,0,0,0,0,0,0,0,0,0,0,138.625028507697,0,0,0,0,0,0,0,0,0,0,0,0,0
"510131024004",292047.428943751,100.325030747335,0,0,291552.877287198,0,0,0,0,12.6941093765199,0,0,0,0,0,0,0,0,0,0,0,0,0,0,0,0,0,0,0,0,0,0,0,0,0,0,0,0,0,0,0,0,36.9141554939561,0,0,0,0,0,0,0,344.612117691897,0,0,0,0,0,0,0,0,0,0,0,0,0
"510131025001",474852.772363901,0,0,0,0,0,0,111.530440980627,0,0,0,0,0,0,0,0,0,0,0,0,0,0,0,0,166.682757516799,0,0,0,0,0,0,0,0,308844.741033308,0,0,0,0,0,0,0,0,0,0,0,0,0,0,0,0,109490.655343152,0,0,0,0,0,0,0,0,0,0,0,0,0
"510131025002",350369.959540571,0,0,0,217.567103949375,0,0,0,0,0,0,0,0,0,0,0,0,0,0,0,0,0,0,0,228.220678775688,0,0,0,0,0,0,0,0,0,0,0,0,0,0,0,0,0,0,0,0,0,0,0,0,0,349924.1721941,0,0,0,0,0,0,0,0,0,0,0,0,0
"510131025003",285786.749556455,207.484097861769,0,0,284305.829638494,0,0,0,0,0,0,0,0,0,0,0,0,0,0,0,0,0,0,0,0,0,0,0,0,824.093082153791,0,0,0,0,0,0,0,0,0,0,0,0,0,0,0,0,0,0,0,0,448.302156889811,0,0,0,0,0,0,0,0,0,0,0,0,0
"510131026001",381728.998529236,161.910886317492,0,0,0,0,0,0,0,0,0,0,0,0,0,0,0,0,0,0,0,0,0,0,0,0,0,0,0,381567.078568976,0,0,0,0,0,0,0,0,0,0,0,0,0,0,0,0,0,0,0,0,0,0,0,0,0,0,0,0,0,0,0,0,0,0
"510131026002",323779.957847426,0,0,0,0,0,0,0,0,0,0,0,0,0,0,0,0,0,0,0,0,0,0,0,0,0,0,0,0,320291.360440126,0,0,0,0,0,0,3488.60554331656,0,0,0,0,0,0,0,0,0,0,0,0,0,0,0,0,0,0,0,0,0,0,0,0,0,0,0
"510131027011",278764.817926468,0,0,0,0,0,0,0,0,0,0,0,261.076304527698,0,0,0,0,0,0,0,0,0,0,0,0,0,0,0,0,278480.565732985,0,0,0,0,0,0,0,0,0,0,0,0,0,0,0,0,0,0,0,0,0,0,0,0,0,0,0,0,0,0,0,0,0,0
"510131027012",186517.866822845,41.2051951576141,0,0,0,0,0,0,0,0,0,0,0,0,0,0,0,0,0,0,0,0,0,0,0,0,0,0,0,186476.65209583,0,0,0,0,0,0,0,0,0,0,0,0,0,0,0,0,0,0,0,0,0,0,0,0,0,0,0,0,0,0,0,0,0,0
"510131027021",139805.295808877,0,0,0,0,0,0,0,0,0,0,0,0,0,0,0,0,0,0,0,0,0,0,0,0,0,0,0,0,139791.833457428,0,0,0,0,0,0,13.4631121647544,0,0,0,0,0,0,0,0,0,0,0,0,0,0,0,0,0,0,0,0,0,0,0,0,0,0,0
"510131027022",145339.587205993,0,0,0,0,0,0,0,0,0,0,0,0,0,0,0,0,0,0,0,0,0,0,0,0,0,0,0,0,145339.587205993,0,0,0,0,0,0,0,0,0,0,0,0,0,0,0,0,0,0,0,0,0,0,0,0,0,0,0,0,0,0,0,0,0,0
"510131028011",229804.758763917,0,0,0,0,430.998533951177,0,0,0,0,0,0,0,0,0,0,0,0,0,0,209.97966600029,0,0,229163.793738358,0,0,0,0,0,0,0,0,0,0,0,0,0,0,0,0,0,0,0,0,0,0,0,0,0,0,0,0,0,0,0,0,0,0,0,0,0,0,0,0
"510131028012",146980.782631135,0,0,0,0,259.331092925684,0,0,0,0,0,0,0,0,0,0,0,0,0,0,0,0,0,146721.448440149,0,0,0,0,0,0,0,0,0,0,0,0,0,0,0,0,0,0,0,0,0,0,0,0,0,0,0,0,0,0,0,0,0,0,0,0,0,0,0,0
"510131028013",213712.349744522,0,0,0,0,24.3230812178226,0,0,0,0,0,0,0,0,0,0,0,0,0,0,476.069466945773,0,0,213070.83805575,0,0,0,0,0,131.163184985666,0,0,0,0,0,0,0,0,0,0,0,0,0,0,0,0,0,0,0,0,0,0,0,0,0,0,0,0,0,0,0,0,0,0
"510131028014",39977.6212111323,0,0,0,0,11.7186260264134,0,0,0,0,0,0,0,0,0,0,0,0,0,0,0,0,0,0,0,0,0,0,0,37739.9099639623,0,0,0,0,0,0,0,0,0,0,0,0,0,0,0,0,0,0,0,0,0,0,0,0,0,0,0,0,0,0,0,0,0,0
"510131028015",76666.8545407542,0,0,0,0,0,0,0,0,0,0,0,0,0,0,0,0,0,0,0,0,0,0,0,0,0,0,0,0,76666.8545407542,0,0,0,0,0,0,0,0,0,0,0,0,0,0,0,0,0,0,0,0,0,0,0,0,0,0,0,0,0,0,0,0,0,0
"510131028016",351420.086594572,0,0,0,0,0,0,0,0,0,0,0,0,0,0,0,0,0,0,0,332553.979588384,0,0,310.419869191323,0,0,0,0,0,8008.70633898288,0,0,0,0,0,0,0,0,0,0,0,0,0,0,0,0,0,0,0,0,0,0,0,0,0,0,0,0,0,0,0,0,0,0
"510131028021",511461.538161976,0,0,0,0,0,0,0,0,0,0,0,0,0,0,0,0,0,0,0,150760.100681026,0,0,0,0,0,0,0,0,230654.570904102,0,0,0,0,0,0,40.7296856897883,0,0,0,0,0,0,0,0,0,0,0,0,0,0,0,0,0,0,70559.6351775178,0,0,0,0,0,0,0,0
"510131028022",223252.159301985,0,0,0,0,0,0,0,0,0,0,0,0,0,0,0,0,0,0,0,211728.586107372,0,0,0,0,0,0,0,0,2540.10450997553,0,0,0,0,0,0,0,0,0,0,0,0,0,0,0,0,0,0,0,0,0,0,0,0,0,8976.36021936126,0,0,0,0,0,0,0,0
"510131029011",154816.548048606,0,0,0,0,0,0,0,0,0,0,0,0,0,0,0,0,0,0,0,0,0,0,0,0,0,0,0,0,0,0,154816.032545228,0,0,0,0,0,0,0,0,0,0,0,0,0,0,0,0,0,0,0,0,0,0,0,0,0,0,0,0,0,0,0,0
"510131029012",384624.210155639,0,0,0,0,0,0,0,0,0,0,0,0,0,0,0,0,0,0,0,675.746185844473,0,0,0,0,0,0,0,0,188.860147650121,0,62285.1517231742,0,0,0,0,186548.63877564,0,0,0,0,0,0,0,0,0,0,0,0,0,0,0,0,0,0,134871.751415585,0,0,0,0,0,0,0,0
"510131029013",142720.991705863,0,0,0,0,0,0,0,0,0,0,0,0,0,0,0,0,0,0,0,0,0,0,0,0,0,0,0,0,0,0,142720.679332512,0,0,0,0,0,0,0,0,0,0,0,0,0,0,0,0,0,0,0,0,0,0,0,0,0,0,0,0,0,0,0,0
"510131029021",392454.505690726,0,0,0,0,0,0,0,0,0,0,0,0,0,0,0,0,0,0,0,0,0,0,0,0,0,0,0,0,0,0,154847.679168575,0,0,0,0,0,0,0,0,0,0,0,0,0,0,0,0,0,0,0,0,0,0,0,214887.941239889,0,0,0,0,0,0,0,0
"510131029022",361850.617186273,0,0,0,0,0,0,0,0,0,0,0,0,0,0,0,0,0,0,0,0,0,0,0,0,0,0,0,0,0,0,106151.856700763,0,0,0,0,0,0,0,0,0,0,0,0,0,0,0,0,0,0,0,0,0,0,0,255698.780929833,0,0,0,0,0,0,0,0
"510131030001",235661.206405539,0,0,0,0,0,0,0,0,0,0,0,0,0,0,0,0,0,0,0,0,0,0,0,0,0,0,0,0,0,0,235661.206405539,0,0,0,0,0,0,0,0,0,0,0,0,0,0,0,0,0,0,0,0,0,0,0,0,0,0,0,0,0,0,0,0
"510131030002",310477.984839375,0,0,0,0,0,0,0,0,0,0,0,0,0,0,0,0,0,0,0,0,0,0,0,0,0,0,0,0,0,0,286950.283945904,0,0,0,0,0,0,0,0,0,0,0,0,0,0,0,0,0,0,0,0,0,0,0,0,0,0,0,0,0,0,0,0
"510131030003",226744.639029365,0,0,0,0,0,0,0,0,0,0,0,0,0,0,0,0,0,0,0,0,0,0,0,0,0,0,0,0,0,0,226502.365467466,0,0,0,0,0,0,0,0,0,0,0,0,0,0,0,0,0,0,0,0,0,0,0,0,0,0,0,0,0,0,0,0
"510131031001",1165691.83413074,0,0,0,0,0,0,0,0,0,0,0,0,0,0,0,0,0,0,0,0,0,0,0,0,0,0,0,0,0,0,0,0,0,0,0,403369.287722291,0,0,0,0,0,0,0,0,0,0,0,0,0,0,0,0,0,0,0,0,0,0,0,0,0,0,0
"510131031002",461010.598547174,0,0,0,0,0,0,0,0,0,0,0,0,0,0,0,0,0,0,0,0,0,0,0,0,0,0,0,0,0,0,0,0,0,0,0,409109.941951389,0,0,0,0,0,0,0,0,0,0,0,0,0,0,0,0,0,0,0,0,0,0,0,0,0,0,0
"510131031003",293184.407142933,0,0,0,0,0,0,0,0,0,0,0,0,0,0,0,0,0,0,0,0,0,0,0,0,0,0,0,0,244.495548005041,0,0,0,0,0,0,292939.902675629,0,0,0,0,0,0,0,0,0,0,0,0,0,0,0,0,0,0,0,0,0,0,0,0,0,0,0
"510131032001",68930.7107068698,0,0,0,0,0,0,0,0,0,0,0,0,0,0,0,0,0,0,0,0,0,0,0,68828.904801591,0,0,0,0,0,0,0,0,0,0,0,0,0,0,0,0,0,0,0,0,0,0,0,0,0,101.789250341249,0,0,0,0,0,0,0,0,0,0,0,0,0
"510131032002",200625.368480086,0,0,0,0,0,0,0,0,0,0,0,0,0,0,0,0,0,0,0,0,0,0,0,121258.664577539,0,0,0,0,0,0,0,0,0,0,0,0,0,0,0,0,0,0,0,0,0,0,0,0,0,0,0,0,0,0,0,0,0,0,0,0,0,0,0
"510131032003",381806.828523763,0,0,0,0,0,0,0,0,0,0,0,0,0,0,0,0,0,0,0,0,0,0,0,146917.547589574,0,0,0,0,0,0,0,0,0,0,0,32148.8887258805,0,0,0,0,0,0,0,0,0,0,0,0,0,0,0,0,0,0,0,0,0,0,0,0,0,0,0
"510131032004",342691.789707651,0,0,0,0,0,0,0,0,0,0,0,0,0,0,0,0,0,0,0,0,0,0,0,103667.980417581,0,0,0,0,197940.147732944,0,0,0,0,0,0,41083.6613869596,0,0,0,0,0,0,0,0,0,0,0,0,0,0,0,0,0,0,0,0,0,0,0,0,0,0,0
"510131033001",338171.992834812,0,0,0,0,0,0,230644.252009475,0,0,0,0,0,0,0,0,0,0,0,0,0,0,0,0,0,0,0,0,0,0,0,0,0,0,0,0,0,0,0,0,0,0,0,0,0,0,0,0,0,0,0,0,0,0,0,0,0,0,0,0,0,0,0,0
"510131033002",99066.5251917202,0,0,0,0,0,0,177.19967785303,0,0,0,0,0,0,0,0,0,0,0,0,0,0,0,0,70427.0226461936,0,0,0,0,0,0,0,0,0,0,0,0,0,0,0,0,0,0,0,0,0,0,0,0,0,0,0,0,0,0,0,0,0,0,0,0,0,0,0
"510131034011",1280185.16475328,0,0,0,0,0,0,0,0,0,0,0,0,0,0,0,0,0,0,0,0,0,0,0,0,0,0,0,0,0,0,0,0,553.729581288251,0,0,0,0,0,0,0,0,0,0,0,0,0,0,0,0,78990.1485686032,1485.78482482012,0,0,0,0,0,0,0,0,0,0,0,0
"510131034021",181481.029067949,0,0,0,0,0,0,0,0,0,0,0,0,0,0,0,0,0,0,0,0,0,0,0,0,0,181481.029067949,0,0,0,0,0,0,0,0,0,0,0,0,0,0,0,0,0,0,0,0,0,0,0,0,0,0,0,0,0,0,0,0,0,0,0,0,0
"510131034022",78673.6510714267,0,0,0,0,0,0,0,0,0,0,0,0,0,0,0,0,0,0,0,0,0,0,0,0,0,78673.6510714267,0,0,0,0,0,0,0,0,0,0,0,0,0,0,0,0,0,0,0,0,0,0,0,0,0,0,0,0,0,0,0,0,0,0,0,0,0
"510131034023",311833.392638124,0,0,0,0,0,0,0,0,0,0,0,0,0,0,0,0,0,0,0,0,0,0,0,0,0,214999.462900037,0,0,0,0,0,0,0,0,0,0,0,0,0,0,0,0,0,0,0,0,0,0,0,0,0,0,0,0,0,0,0,0,0,0,0,0,0
"510131034024",119562.91986826,0,0,0,0,0,0,0,0,0,0,0,0,0,0,0,0,0,0,0,0,0,0,0,0,0,119562.91986826,0,0,0,0,0,0,0,0,0,0,0,0,0,0,0,0,0,0,0,0,0,0,0,0,0,0,0,0,0,0,0,0,0,0,0,0,0
"510131034025",477918.287827682,0,0,0,0,0,0,0,0,0,0,0,0,0,0,0,0,0,0,0,0,0,0,0,0,0,225127.076674568,0,0,0,0,0,0,0,0,0,0,0,0,0,0,0,0,0,0,0,0,0,0,0,0,0,0,0,0,0,0,0,0,0,0,0,0,0
"510131035011",181728.218473923,0,0,0,0,0,95281.2787774972,0,0,0,0,0,0,0,0,0,0,0,0,0,0,0,0,0,0,0,0,0,0,0,0,0,0,0,0,0,0,0,0,0,0,0,0,0,0,0,0,0,0,0,0,0,0,0,0,0,0,0,0,0,0,0,0,0
"510131035012",48815.415562738,0,0,0,0,0,47001.0594641942,0,0,0,1730.1304143928,0,0,0,0,0,0,0,0,0,0,0,0,0,0,0,0,0,0,0,0,0,0,0,0,0,0,0,0,0,0,0,0,0,0,0,0,0,0,0,0,0,0,0,0,0,0,0,0,0,0,0,0,0
"510131035013",135352.450877403,0,0,0,0,0,127518.147933429,0,0,0,7834.29959839176,0,0,0,0,0,0,0,0,0,0,0,0,0,0,0,0,0,0,0,0,0,0,0,0,0,0,0,0,0,0,0,0,0,0,0,0,0,0,0,0,0,0,0,0,0,0,0,0,0,0,0,0,0
"510131035021",459127.875361624,0,0,0,0,0,53.0331082008779,0,0,0,458044.935641452,0,0,0,0,0,0,0,0,0,0,0,0,0,0,0,454.869750667254,0,0,0,0,0,0,0,0,0,0,0,0,0,0,0,0,0,0,0,0,0,0,0,0,0,0,0,0,0,0,0,0,0,0,0,0,0
"510131035022",206622.960525963,0,0,0,0,0,0,0,0,0,206622.960525963,0,0,0,0,0,0,0,0,0,0,0,0,0,0,0,0,0,0,0,0,0,0,0,0,0,0,0,0,0,0,0,0,0,0,0,0,0,0,0,0,0,0,0,0,0,0,0,0,0,0,0,0,0
"510131035031",107618.125933621,0,0,0,0,0,0,0,0,0,104.364164490253,0,0,0,0,0,0,0,0,0,0,0,0,0,0,0,106553.338694425,0,0,0,0,0,0,0,0,0,0,0,0,0,0,0,0,0,0,0,0,0,0,0,0,0,0,0,0,0,0,0,0,0,0,0,0,0
"510131035032",93627.9571947097,0,0,0,0,0,0,0,0,0,64390.8125300446,0,0,0,0,0,0,0,0,0,0,0,0,0,0,0,29237.1446309536,0,0,0,0,0,0,0,0,0,0,0,0,0,0,0,0,0,0,0,0,0,0,0,0,0,0,0,0,0,0,0,0,0,0,0,0,0
"510131036011",250320.261825208,0,0,0,0,0,116681.5898693,0,0,0,133638.671930687,0,0,0,0,0,0,0,0,0,0,0,0,0,0,0,0,0,0,0,0,0,0,0,0,0,0,0,0,0,0,0,0,0,0,0,0,0,0,0,0,0,0,0,0,0,0,0,0,0,0,0,0,0
"510131036012",240191.66929347,0,0,0,0,0,43.0090546002612,0,0,0,240148.670859478,0,0,0,0,0,0,0,0,0,0,0,0,0,0,0,0,0,0,0,0,0,0,0,0,0,0,0,0,0,0,0,0,0,0,0,0,0,0,0,0,0,0,0,0,0,0,0,0,0,0,0,0,0
"510131036013",255287.724166173,0,0,0,0,0,0,0,0,0,255226.942051492,0,0,0,0,0,0,0,0,0,0,0,0,0,0,0,56.4643348178652,0,0,0,0,0,0,0,0,0,0,0,0,0,0,0,0,0,0,0,0,0,0,0,0,0,0,0,0,0,0,0,0,0,0,0,0,0
"510131036021",57024.0840832365,0,0,0,0,0,0,0,0,0,42130.5993338642,0,0,0,0,0,0,0,0,0,0,0,0,0,0,0,14893.4847319558,0,0,0,0,0,0,0,0,0,0,0,0,0,0,0,0,0,0,0,0,0,0,0,0,0,0,0,0,0,0,0,0,0,0,0,0,0
"510131036022",110847.506377446,0,0,0,0,0,0,0,0,0,43022.1348618662,0,0,0,0,0,0,0,0,0,0,0,0,0,0,0,67825.3699872788,0,0,0,0,0,0,0,0,0,0,0,0,0,0,0,0,0,0,0,0,0,0,0,0,0,0,0,0,0,0,0,0,0,0,0,0,0
"510131037001",524706.915237598,0,0,0,0,0,475549.820542855,0,0,0,0,0,0,0,0,0,0,0,0,0,0,0,0,0,0,0,0,0,0,0,0,0,0,0,0,0,0,0,0,0,0,0,0,0,0,0,0,0,0,0,0,0,0,0,0,0,0,0,0,0,0,0,0,0
"510131037002",947190.715079714,0,0,0,0,0,708048.144877135,0,0,0,158550.45268345,0,0,0,0,0,0,0,0,0,0,0,0,0,0,0,189.448074276035,0,0,0,0,0,0,0,0,0,0,0,0,0,0,0,0,0,0,0,0,0,0,0,0,0,0,0,0,0,0,0,0,0,0,0,0,0
"510131038001",433223.919741681,0,0,0,0,0,14302.1593594771,0,0,0,0,0,0,0,0,0,0,0,0,0,0,0,0,0,0,0,0,0,0,0,0,0,0,0,0,0,0,0,0,0,0,338906.315724122,0,0,0,0,0,0,0,0,0,0,0,0,0,0,0,0,0,0,0,0,0,0
"510131038002",168974.685566799,0,0,0,0,0,62.7684168783017,0,0,0,0,0,0,0,0,0,0,0,0,0,0,0,0,0,0,0,0,0,0,0,0,0,0,0,0,0,0,0,0,0,0,168891.05298043,0,0,0,0,0,0,0,0,0,0,0,0,0,0,0,0,0,0,0,0,0,0
"510131038003",326220.163113425,0,0,0,0,0,135033.60788654,0,0,0,0,0,0,0,0,0,0,0,0,0,0,0,0,0,0,0,0,0,0,0,0,0,0,0,0,0,0,0,0,0,0,191186.553877383,0,0,0,0,0,0,0,0,0,0,0,0,0,0,0,0,0,0,0,0,0,0
"510139801001",4931345.5929482,0,0,0,0,0,0,0,0,0,26.2664089878526,0,0,0,0,0,0,0,0,0,0,0,0,0,0,0,142.923087738833,0,0,0,0,0,0,11547.7303774555,0,0,0,0,0,0,0,0,0,0,0,0,0,55.7047341512516,0,0,0,904.078637725965,0,0,0,0,0,0,0,0,0,0,0,0
"510139802001",3833631.35546606,0,0,0,0,0,0,0,0,0,0,0,0,0,0,0,0,0,0,0,0,0,0,0,0,0,93873.7469253375,0,0,0,0,0,0,0,0,0,0,0,0,0,0,0,0,0,0,0,0,0,0,0,0,0,0,0,0,0,0,0,0,0,0,0,0,0
